codigo;nombre;categoria;precio;stock;minimo
S01;Galleta Oreo;Snacks;1.00;19;5
S02;Galletas Amor;Snacks;1.50;6;3
S03;Papas limón y mayonesa;Snacks;0.50;30;8
S04;Tatoos;Snacks;0.50;11;4
S05;Chupete;Snacks;0.30;38;10
S06;Doritos;Snacks;0.75;4;3
S07;Golpes;Snacks;0.50;16;5
S08;Chitos dulce;Snacks;0.75;8;3
S09;Chito grande;Snacks;1.50;6;3
S10;Chito pequeño;Snacks;1.00;1;3
S11;Masmelos;Snacks;3.50;7;2
S12;Tabacos Lark (caja);Snacks;4.00;5;2
S13;Tabaco Lark (unidad);Snacks;0.50;8;3
S14;Tabacos Líder (caja);Snacks;4.00;7;2
B01;Quintyplex;Bebidas;0.50;4;3
B02;Fuze Tea;Bebidas;2.00;2;3
B03;Agua personal;Bebidas;1.00;42;12
B04;Gatorade;Bebidas;2.00;11;4
B05;Cerveza Pilsener;Bebidas;3.50;11;6
B06;Cerveza Club verde;Bebidas;4.00;24;6
B07;Ron (botella);Bebidas;20.00;2;1
B08;Powerade;Bebidas;1.50;6;3
B09;Coca-Cola 1 litro;Bebidas;2.00;6;3
B10;Cola Gallito personal;Bebidas;0.50;11;4
B11;Cola Orangine personal;Bebidas;0.50;2;3
B12;Coca-Cola personal;Bebidas;0.75;11;4
B13;Coca-Cola personal mediana;Bebidas;1.50;1;3
B14;Pony Malta mediana;Bebidas;0.75;1;3
B15;Pony Malta pequeña;Bebidas;0.50;5;3
C04;Salchipapas (ensalada de la casa + cola personal);Platos a la carta;4.00;;
C01;Hamburguesa (carne, queso, jamón, huevo, vegetales) + papas fritas + cola personal;Platos a la carta;5.00;;
C05;Papi pollo + papas fritas + cola personal;Platos a la carta;5.00;;
C06;Picada (pollo, carne, chorizo) + papas fritas o patacones;Platos a la carta;7.00;;
C07;Seco de gallina (arroz, yuca o patacones);Platos a la carta;6.00;;
C11;Costilla de cerdo (papas fritas o patacones, ensalada + cola personal);Platos a la carta;12.00;;
P01;Piscina niño;Piscina;5.00;;
P02;Piscina adulto;Piscina;10.00;;
